Plate,Name,Parts,Profiles
1,Fuselage_01,fuse_01,SHELL
2,Fuselage_02,fuse_02;canopy,COSMETIC;SHELL
3,Fuselage_03,fuse_03,SHELL
4,Fuselage_04,fuse_04,SHELL
5,Fuselage_05,fuse_05,SHELL
6,Fuselage_06,fuse_06;beavertail,SHELL
7,Wingbox,wing_box,STRUCT
8,Sweep_Servos,sweep_servo_mount_L;sweep_servo_mount_R,STRUCT
9,Wing_L_Root,wing_L_root,WING
10,Wing_R_Root,wing_R_root,WING
11,Wing_L_Mid,wing_L_mid,WING
12,Wing_R_Mid,wing_R_mid,WING
13,Wing_L_Tip,wing_L_tip,WING
14,Wing_R_Tip,wing_R_tip,WING
15,Glove_L_Front,wing_glove_L_front,WING
16,Glove_L_Rear,wing_glove_L_rear,WING
17,Glove_R_Front,wing_glove_R_front,WING
18,Glove_R_Rear,wing_glove_R_rear,WING
19,Tailerons,taileron_L;taileron_R,WING
20,VTails,vstab_L;vstab_R,WING
21,Taileron_Servos,taileron_servo_mount_L;taileron_servo_mount_R,STRUCT
22,Intakes,intake_L;intake_R;edf_ring_L;edf_ring_R,DUCT
23,Nacelle_Mid,nacelle_mid_L;nacelle_mid_R,DUCT
24,Nacelle_Rear,nacelle_rear_L;nacelle_rear_R,DUCT
25,Battery,battery_tray,STRUCT_LIGHT
26,ESCs,esc_tray_L;esc_tray_R,STRUCT_LIGHT
27,RX_BEC,receiver_tray;bec_tray,STRUCT_LIGHT
