tube,case,force_N,moment_Nm,stress_MPa,provisional_factor,tip_deflection_mm,mass_two_full_length_tubes_g,geometrically_possible_at_tip,linear_small_deflection_valid,mesh_relative_change
6/4,3g,15.445474,3.861368,226.913,1.542,31.8308,16.035,False,False,2.5530130612984288e-09
6/4,6g,30.890948,7.722737,453.826,0.771,63.6617,16.035,False,False,2.5530130612984288e-09
6/4,8g,41.18793,10.296983,605.101,0.578,84.8822,16.035,False,False,2.5530124073200922e-09
6/4,8g_70percent,57.663102,14.415775,847.142,0.413,118.8351,16.035,False,False,2.553012547458307e-09
8/6,3g,15.445474,3.861368,112.376,3.115,11.8229,22.449,False,True,9.100750664682838e-10
8/6,6g,30.890948,7.722737,224.752,1.557,23.6458,22.449,False,False,9.100750664682838e-10
8/6,8g,41.18793,10.296983,299.669,1.168,31.5277,22.449,False,False,9.10075139831237e-10
8/6,8g_70percent,57.663102,14.415775,419.537,0.834,44.1388,22.449,False,False,9.100746682122514e-10
10/8,3g,15.445474,3.861368,66.619,5.254,5.6071,28.862,False,True,1.244859808944466e-08
10/8,6g,30.890948,7.722737,133.237,2.627,11.2141,28.862,False,True,1.244859808944466e-08
10/8,8g,41.18793,10.296983,177.649,1.97,14.9522,28.862,False,True,1.2448598012099145e-08
10/8,8g_70percent,57.663102,14.415775,248.709,1.407,20.933,28.862,False,False,1.2448598078395303e-08
12/10,3g,15.445474,3.861368,43.962,7.961,3.0835,35.276,False,True,2.8650194007377307e-08
12/10,6g,30.890948,7.722737,87.925,3.981,6.1669,35.276,False,True,2.8650194007377307e-08
12/10,8g,41.18793,10.296983,117.233,2.986,8.2226,35.276,False,True,2.865019386673005e-08
12/10,8g_70percent,57.663102,14.415775,164.126,2.133,11.5116,35.276,False,True,2.8650194077700944e-08
